Name,Category,Tool,Description,Repo Link
Jane Doe,Audio,Sonic Pi,Description of Jane's work,https://github.com/janedoe
John Smith,Visual,Hydra,Description of John's work,https://github.com/johnsmith
the_virtual_machine,Visual,Visor,Lorem Ipsum,https://github.com/the_virtual_machine
s,Audio,Sonic Pi,sss,s
d,Audio,FoxDot,d,d
d,Audio,FoxDot,d,d
d,Other,The Force,d,d
d,Audio,FoxDot,d,d
d,Other,The Force,d,d
d,Audio,FoxDot,d,d
d,Other,The Force,d,d
fff,Audio,Sonic Pi,fff,fff
fff,Audio,TidalCycles,fff,fff
fff,Visual,Hydra,fff,fff
fff,Audio,Sonic Pi,fff,fff
fff,Audio,TidalCycles,fff,fff
fff,Visual,Hydra,fff,fff
